<settings xmlns="http://maven.apache.org/SETTINGS/1.0.0"
      xmlns:xsi="http://www.w3.org/2001/XMLSchema-instance"
      xsi:schemaLocation="http://maven.apache.org/SETTINGS/1.0.0
                          https://maven.apache.org/xsd/settings-1.0.0.xsd">
      <localRepository/>
      <interactiveMode/>
      <usePluginRegistry/>
      <offline/>
      <pluginGroups/>
      <servers>
        <server>
          <id>nexus-snapshots</id>
          <username>deployment</username>
          <password>deployment</password>
        </server>
      </servers>
      <mirrors/>
      <proxies/>
      <profiles/>
      <activeProfiles/>
</settings>