<?xml version="1.0" encoding="UTF-8"?>
<build-type xmlns:xsi="http://www.w3.org/2001/XMLSchema-instance" uuid="73d608bf-9160-457f-9eb1-f73d7dc133f3" xsi:noNamespaceSchemaLocation="https://www.jetbrains.com/teamcity/schemas/2020.1/project-config.xsd">
  <name>Build</name>
  <description />
  <settings>
    <options>
      <option name="artifactRules" value="%env.ARTIFACTS_DIR%/cardano-cli&#xA;%env.ARTIFACTS_DIR%/cardano-node&#xA;%env.ARTIFACTS_DIR%/cardano-node.sha256&#xA;%env.ARTIFACTS_DIR%/cardano-node.md5&#xA;%env.ARTIFACTS_DIR%/cardano-cli.sha256&#xA;%env.ARTIFACTS_DIR%/cardano-cli.md5" />
      <option name="branchFilter" value="+:refs/tags/1.2*" />
      <option name="publishArtifactCondition" value="SUCCESSFUL" />
    </options>
    <parameters>
      <param name="env.ARTIFACTS_DIR" value="%teamcity.build.workingDir%/artifacts/" />
      <param name="teamcity.​vcsTrigger.​runBuildInNewEmptyBranch" value="true" />
    </parameters>
    <build-runners>
      <runner id="RUNNER_19" name="Update Cabal" type="simpleRunner">
        <parameters>
          <param name="script.content"><![CDATA[cabal update
cabal -V
ghc -V]]></param>
          <param name="teamcity.step.mode" value="default" />
          <param name="use.custom.script" value="true" />
        </parameters>
      </runner>
      <runner id="RUNNER_17" name="Configure Cabal" type="simpleRunner">
        <parameters>
          <param name="script.content"><![CDATA[cabal configure -O0 -w ghc-8.10.2
echo -e "package cardano-crypto-praos\n flags: -external-libsodium-vrf" > cabal.project.local
sed -i $HOME/.cabal/config -e "s/overwrite-policy:/overwrite-policy: always/g"
rm -rf ./dist-newstyle/build/x86_64-linux/ghc-8.10.2]]></param>
          <param name="teamcity.step.mode" value="default" />
          <param name="use.custom.script" value="true" />
        </parameters>
      </runner>
      <runner id="RUNNER_10" name="build node" type="simpleRunner">
        <parameters>
          <param name="script.content"><![CDATA[cd cardano-node
cabal clean
cabal update
cabal build all]]></param>
          <param name="teamcity.step.mode" value="default" />
          <param name="use.custom.script" value="true" />
        </parameters>
      </runner>
      <runner id="RUNNER_16" name="Prepare Artifacts for publishing" type="simpleRunner">
        <parameters>
          <param name="script.content"><![CDATA[rm -rf $ARTIFACTS_DIR
mkdir $ARTIFACTS_DIR
cp $(find dist-newstyle/build -type f -name "cardano-node") $ARTIFACTS_DIR
cp $(find dist-newstyle/build -type f -name "cardano-cli") $ARTIFACTS_DIR
sha256sum  $ARTIFACTS_DIR/cardano-node > $ARTIFACTS_DIR/cardano-node.sha256
sha256sum  $ARTIFACTS_DIR/cardano-cli > $ARTIFACTS_DIR/cardano-cli.sha256
md5sum  $ARTIFACTS_DIR/cardano-node > $ARTIFACTS_DIR/cardano-node.md5
md5sum  $ARTIFACTS_DIR/cardano-cli > $ARTIFACTS_DIR/cardano-cli.md5]]></param>
          <param name="teamcity.step.mode" value="default" />
          <param name="use.custom.script" value="true" />
        </parameters>
      </runner>
    </build-runners>
    <vcs-settings>
      <vcs-entry-ref root-id="CardanoNode_HttpsGithubComInputOutputHkCardanoNodeGitRefsHeadsMaster" />
    </vcs-settings>
    <requirements />
    <build-triggers>
      <build-trigger id="vcsTrigger" type="vcsTrigger">
        <parameters>
          <param name="branchFilter" value="+:refs/tags/*" />
          <param name="enableQueueOptimization" value="true" />
          <param name="quietPeriodMode" value="DO_NOT_USE" />
        </parameters>
      </build-trigger>
    </build-triggers>
    <cleanup />
  </settings>
</build-type>

