<?xml version="1.0" encoding="UTF-8"?>
<build-type xmlns:xsi="http://www.w3.org/2001/XMLSchema-instance" uuid="39fa863c-513b-41a3-81ee-19191a7c0caa" xsi:noNamespaceSchemaLocation="https://www.jetbrains.com/teamcity/schemas/2020.1/project-config.xsd">
  <name>Update Database Mainnet</name>
  <description />
  <settings>
    <options>
      <option name="artifactRules" value="%env.ARCHIVE_DIR%/%env.NODE_CONFIG%-db.tar.gz&#xA;%env.ARCHIVE_DIR%/%env.NODE_CONFIG%-db.tar.gz.sha256&#xA;%env.ARCHIVE_DIR%/%env.NODE_CONFIG%-db.tar.gz.md5" />
      <option name="branchFilter" value="+:refs/tags/1.2*" />
    </options>
    <parameters>
      <param name="env.ARCHIVE_DIR" value="%teamcity.agent.home.dir%/archives/" />
      <param name="env.CARDANO_NODE_SOCKET_PATH" value="%env.NODE_HOME%/db/socket" />
      <param name="env.CARDANO_TIP" value="0" />
      <param name="env.DEV_SUFFIX" value="" />
      <param name="env.NODE_CONFIG" value="mainnet" />
      <param name="env.NODE_HOME" value="%system.teamcity.build.workingDir%" />
      <param name="env.NODE_HOME_OLD" value="/data/teamcity_agent/conf/cardano-node" />
    </parameters>
    <build-runners>
      <runner id="RUNNER_29" name="Set Permissions" type="simpleRunner">
        <parameters>
          <param name="script.content"><![CDATA[chmod +x cardano-node
chmod +x cardano-cli
cp cardano-cli /usr/local/bin]]></param>
          <param name="teamcity.step.mode" value="default" />
          <param name="use.custom.script" value="true" />
        </parameters>
      </runner>
      <runner id="RUNNER_22" name="Get Config Files" type="simpleRunner">
        <parameters>
          <param name="script.content"><![CDATA[cd ${NODE_HOME}
export NODE_BUILD_NUM=$(curl https://hydra.iohk.io/job/Cardano/iohk-nix/cardano-deployment/latest-finished/download/1/index.html | grep -e "build" | sed 's/.*build\/\([0-9]*\)\/download.*/\1/g')
wget -N https://hydra.iohk.io/build/${NODE_BUILD_NUM}/download/1/${NODE_CONFIG}-byron-genesis.json
wget -N https://hydra.iohk.io/build/${NODE_BUILD_NUM}/download/1/${NODE_CONFIG}-topology.json
wget -N https://hydra.iohk.io/build/${NODE_BUILD_NUM}/download/1/${NODE_CONFIG}-shelley-genesis.json
wget -N https://hydra.iohk.io/build/${NODE_BUILD_NUM}/download/1/${NODE_CONFIG}-config.json
sed -i ${NETWORK}-config.json -e "s/TraceBlockFetchDecisions\": false/TraceBlockFetchDecisions\": true/g"
cat > $NODE_HOME/${NODE_CONFIG}-topology.json << EOF 
 {
    "Producers": [
      {
        "addr": "relays-new.cardano-${NODE_CONFIG}.iohk${DEV_SUFFIX}.io",
        "port": 3001,
        "valency": 2
      }
    ]
  }
EOF]]></param>
          <param name="teamcity.step.mode" value="default" />
          <param name="use.custom.script" value="true" />
        </parameters>
      </runner>
      <runner id="RUNNER_26" name="Get Tip" type="simpleRunner">
        <parameters>
          <param name="script.content"><![CDATA[#!/bin/bash

curl -s -o env https://raw.githubusercontent.com/cardano-community/guild-operators/master/scripts/cnode-helper-scripts/env
sed -i env \
    -e "s/\#CONFIG=\"\${CNODE_HOME}\/files\/config.json\"/CONFIG=\"\${NODE_HOME}\/\${NODE_CONFIG}-config.json\"/g" \
    -e "s/\#SOCKET=\"\${CNODE_HOME}\/sockets\/node0.socket\"/SOCKET=\"\${NODE_HOME}\/db\/socket\"/g" \
    -e "s/\if ! PROT_PARAMS/#if ! PROT_PARAMS/g" \
echo "Setting TIP $(source ./env offline; getSlotTipRef)"
echo "##teamcity[setParameter name='env.CARDANO_TIP' value ='$(source ./env offline; getSlotTipRef)']"]]></param>
          <param name="teamcity.step.mode" value="default" />
          <param name="use.custom.script" value="true" />
        </parameters>
      </runner>
      <runner id="RUNNER_27" name="Restore DB from tar" type="simpleRunner">
        <parameters>
          <param name="script.content"><![CDATA[FILE=${ARCHIVE_DIR}/${NODE_CONFIG}-db.tar.gz
if [ -f "$FILE" ]; then
cd ${NODE_HOME}
rm -rf db
tar -xvf ${ARCHIVE_DIR}/${NODE_CONFIG}-db.tar.gz
fi]]></param>
          <param name="teamcity.step.mode" value="default" />
          <param name="use.custom.script" value="true" />
        </parameters>
      </runner>
      <runner id="RUNNER_23" name="Create Start Script" type="simpleRunner">
        <parameters>
          <param name="script.content"><![CDATA[cat > $NODE_HOME/startNode.sh << EOF 
#!/bin/bash
TIP=$CARDANO_TIP
DIRECTORY=$NODE_HOME
PORT=6000
HOSTADDR=0.0.0.0
TOPOLOGY=\${DIRECTORY}/${NODE_CONFIG}-topology.json
DB_PATH=\${DIRECTORY}/db
SOCKET_PATH=\${DIRECTORY}/db/socket
CONFIG=\${DIRECTORY}/${NODE_CONFIG}-config.json
${NODE_HOME}/cardano-node run --topology \${TOPOLOGY} --database-path \${DB_PATH} --socket-path \${SOCKET_PATH} --host-addr \${HOSTADDR} --port \${PORT} --config \${CONFIG} --shutdown-on-slot-synced \${CARDANO_TIP}
EOF
chmod +x $NODE_HOME/startNode.sh]]></param>
          <param name="teamcity.step.mode" value="default" />
          <param name="use.custom.script" value="true" />
        </parameters>
      </runner>
      <runner id="RUNNER_24" name="Start Node" type="simpleRunner">
        <parameters>
          <param name="script.content" value="$NODE_HOME/startNode.sh" />
          <param name="teamcity.step.mode" value="default" />
          <param name="use.custom.script" value="true" />
        </parameters>
      </runner>
      <runner id="RUNNER_28" name="Copy Database to archives" type="simpleRunner">
        <parameters>
          <param name="script.content"><![CDATA[cd ${NODE_HOME}
tar -czf ${ARCHIVE_DIR}/${NODE_CONFIG}-db.tar.gz db
sha256sum  ${ARCHIVE_DIR}/${NODE_CONFIG}-db.tar.gz > ${ARCHIVE_DIR}/${NODE_CONFIG}-db.tar.gz.sha256
md5sum  ${ARCHIVE_DIR}/${NODE_CONFIG}-db.tar.gz > ${ARCHIVE_DIR}/${NODE_CONFIG}-db.tar.gz.md5]]></param>
          <param name="teamcity.step.mode" value="default" />
          <param name="use.custom.script" value="true" />
        </parameters>
      </runner>
    </build-runners>
    <vcs-settings />
    <requirements />
    <build-triggers />
    <artifact-dependencies>
      <dependency id="ARTIFACT_DEPENDENCY_1" sourceBuildTypeId="CardanoNode_Build" cleanDestination="true">
        <revisionRule name="sameChainOrLastFinished" revision="latest.sameChainOrLastFinished" />
        <artifact sourcePath="cardano-cli&#xD;&#xA;cardano-node&#xD;&#xA;" />
      </dependency>
    </artifact-dependencies>
    <dependencies>
      <depend-on sourceBuildTypeId="CardanoNode_UpdateDatabaseTestnet">
        <options>
          <option name="run-build-if-dependency-failed" value="RUN_ADD_PROBLEM" />
          <option name="take-started-build-with-same-revisions" value="true" />
          <option name="take-successful-builds-only" value="true" />
        </options>
      </depend-on>
    </dependencies>
    <cleanup />
  </settings>
</build-type>

